{"cameraMode":{"drawMode":0,"name":"Shaded","section":"Shading Mode"},"sceneLighting":false,"audioPlay":false,"sceneViewState":{"m_AlwaysRefresh":false,"showFog":true,"showSkybox":false,"showFlares":true,"showImageEffects":true,"showParticleSystems":true,"showVisualEffectGraphs":true,"m_FxEnabled":true},"in2DMode":false,"pivot":{"x":1.0704478025436402,"y":0.5401950478553772,"z":-3.506545305252075},"rotation":{"x":0.004693399649113417,"y":0.6921064257621765,"z":-0.006403323262929916,"w":0.7223765850067139},"size":1.0365062952041627,"orthographic":true}