{"cameraMode":{"drawMode":0,"name":"Shaded","section":"Shading Mode"},"sceneLighting":false,"audioPlay":false,"sceneViewState":{"m_AlwaysRefresh":false,"showFog":true,"showSkybox":true,"showFlares":true,"showImageEffects":true,"showParticleSystems":true,"showVisualEffectGraphs":true,"m_FxEnabled":true},"in2DMode":false,"pivot":{"x":24.075990676879884,"y":10.394402503967286,"z":1.3113807439804078},"rotation":{"x":0.005672340281307697,"y":0.9818507432937622,"z":-0.187813401222229,"w":0.029704216867685319},"size":0.8269833326339722,"orthographic":false}