{"cameraMode":{"drawMode":0,"name":"Shaded","section":"Shading Mode"},"sceneLighting":true,"audioPlay":false,"sceneViewState":{"m_AlwaysRefresh":false,"showFog":true,"showSkybox":true,"showFlares":true,"showImageEffects":true,"showParticleSystems":true,"showVisualEffectGraphs":true,"m_FxEnabled":true},"in2DMode":false,"pivot":{"x":341.5465087890625,"y":50.15614318847656,"z":354.7746276855469},"rotation":{"x":0.18503093719482423,"y":-0.13560210168361665,"z":0.025285998359322549,"w":0.9732080698013306},"size":1.3175020217895508,"orthographic":false}