{"cameraMode":{"drawMode":0,"name":"Shaded","section":"Shading Mode"},"sceneLighting":false,"audioPlay":false,"sceneViewState":{"m_AlwaysRefresh":false,"showFog":true,"showSkybox":false,"showFlares":true,"showImageEffects":true,"showParticleSystems":true,"showVisualEffectGraphs":true,"m_FxEnabled":true},"in2DMode":false,"pivot":{"x":0.3223874866962433,"y":0.24372759461402894,"z":0.3092081546783447},"rotation":{"x":-0.12706191837787629,"y":0.8575636744499207,"z":-0.2540910243988037,"w":-0.42925748229026797},"size":0.00040292422636412084,"orthographic":false}