{"cameraMode":{"drawMode":0,"name":"Shaded","section":"Shading Mode"},"sceneLighting":false,"audioPlay":false,"sceneViewState":{"m_AlwaysRefresh":false,"showFog":true,"showSkybox":false,"showFlares":true,"showImageEffects":true,"showParticleSystems":true,"showVisualEffectGraphs":true,"m_FxEnabled":true},"in2DMode":false,"pivot":{"x":25.956708908081056,"y":1.6670970916748047,"z":-38.469112396240237},"rotation":{"x":0.0004903586232103407,"y":-0.35407960414886477,"z":-0.00040501425974071026,"w":0.9354345798492432},"size":2.326411724090576,"orthographic":false}