{"cameraMode":{"drawMode":0,"name":"Shaded","section":"Shading Mode"},"sceneLighting":false,"audioPlay":false,"sceneViewState":{"m_AlwaysRefresh":false,"showFog":true,"showSkybox":false,"showFlares":true,"showImageEffects":true,"showParticleSystems":true,"showVisualEffectGraphs":true,"m_FxEnabled":true},"in2DMode":false,"pivot":{"x":-0.17039240896701814,"y":-0.5286568999290466,"z":-0.23116467893123628},"rotation":{"x":-0.06047526001930237,"y":0.9413235187530518,"z":-0.2468210905790329,"w":-0.22415560483932496},"size":2.340833902359009,"orthographic":false}