{"cameraMode":{"drawMode":0,"name":"Shaded","section":"Shading Mode"},"sceneLighting":false,"audioPlay":false,"sceneViewState":{"m_AlwaysRefresh":false,"showFog":true,"showSkybox":false,"showFlares":true,"showImageEffects":true,"showParticleSystems":true,"showVisualEffectGraphs":true,"m_FxEnabled":true},"in2DMode":false,"pivot":{"x":0.6643229722976685,"y":-1.0348691940307618,"z":-36.405975341796878},"rotation":{"x":-0.024107392877340318,"y":-0.9714869856834412,"z":0.20706994831562043,"w":-0.11330509930849076},"size":1.4960449934005738,"orthographic":false}