{"cameraMode":{"drawMode":0,"name":"Shaded","section":"Shading Mode"},"sceneLighting":false,"audioPlay":false,"sceneViewState":{"m_AlwaysRefresh":false,"showFog":true,"showSkybox":false,"showFlares":true,"showImageEffects":true,"showParticleSystems":true,"showVisualEffectGraphs":true,"m_FxEnabled":true},"in2DMode":false,"pivot":{"x":-0.2721351385116577,"y":-0.08181214332580567,"z":1.0925577878952027},"rotation":{"x":-0.12377067655324936,"y":0.7404453158378601,"z":-0.1399472951889038,"w":-0.6465950012207031},"size":1.1507806777954102,"orthographic":false}